{
    "nm": "Loading-2",
    "mn": "",
    "layers": [
        {
            "ty": 4,
            "nm": "icon 2",
            "mn": "",
            "sr": 1,
            "st": 39,
            "op": 79,
            "ip": 39,
            "hd": false,
            "cl": "",
            "ln": "",
            "ddd": 0,
            "bm": 0,
            "hasMask": false,
            "ao": 0,
            "ks": {
                "a": {
                    "a": 0,
                    "k": [
                        53,
                        53,
                        0
                    ],
                    "ix": 1
                },
                "s": {
                    "a": 0,
                    "k": [
                        100,
                        100,
                        100
                    ],
                    "ix": 6
                },
                "sk": {
                    "a": 0,
                    "k": 0
                },
                "p": {
                    "a": 0,
                    "k": [
                        150,
                        75,
                        0
                    ],
                    "ix": 2
                },
                "sa": {
                    "a": 0,
                    "k": 0
                },
                "o": {
                    "a": 0,
                    "k": 100,
                    "ix": 11
                },
                "r": {
                    "a": 1,
                    "k": [
                        {
                            "o": {
                                "x": 0.333,
                                "y": 0
                            },
                            "i": {
                                "x": 0.667,
                                "y": 1
                            },
                            "s": [
                                -90
                            ],
                            "t": 39
                        },
                        {
                            "o": {
                                "x": 0.167,
                                "y": 0.167
                            },
                            "i": {
                                "x": 0.833,
                                "y": 0.833
                            },
                            "s": [
                                270
                            ],
                            "t": 79
                        }
                    ],
                    "ix": 10
                }
            },
            "ef": [],
            "shapes": [
                {
                    "ty": "gr",
                    "bm": 0,
                    "cl": "",
                    "ln": "",
                    "hd": false,
                    "mn": "ADBE Vector Group",
                    "nm": "Group 1",
                    "ix": 1,
                    "cix": 2,
                    "np": 2,
                    "it": [
                        {
                            "ty": "sh",
                            "bm": 0,
                            "cl": "",
                            "ln": "",
                            "hd": false,
                            "mn": "ADBE Vector Shape - Group",
                            "nm": "Path 1",
                            "ix": 1,
                            "d": 1,
                            "ks": {
                                "a": 0,
                                "k": {
                                    "c": true,
                                    "i": [
                                        [
                                            0,
                                            -15.464
                                        ],
                                        [
                                            15.464,
                                            0
                                        ],
                                        [
                                            0,
                                            15.464
                                        ],
                                        [
                                            -15.464,
                                            0
                                        ]
                                    ],
                                    "o": [
                                        [
                                            0,
                                            15.464
                                        ],
                                        [
                                            -15.464,
                                            0
                                        ],
                                        [
                                            0,
                                            -15.464
                                        ],
                                        [
                                            15.464,
                                            0
                                        ]
                                    ],
                                    "v": [
                                        [
                                            28,
                                            0
                                        ],
                                        [
                                            0,
                                            28
                                        ],
                                        [
                                            -28,
                                            0
                                        ],
                                        [
                                            0,
                                            -28
                                        ]
                                    ]
                                },
                                "ix": 2
                            }
                        },
                        {
                            "ty": "st",
                            "bm": 0,
                            "cl": "",
                            "ln": "",
                            "hd": false,
                            "mn": "ADBE Vector Graphic - Stroke",
                            "nm": "Stroke 1",
                            "lc": 2,
                            "lj": 1,
                            "ml": 10,
                            "o": {
                                "a": 0,
                                "k": 100,
                                "ix": 4
                            },
                            "w": {
                                "a": 0,
                                "k": 10,
                                "ix": 5
                            },
                            "d": [],
                            "c": {
                                "a": 0,
                                "k": [
                                    0.498,
                                    0.3529,
                                    0.9412
                                ],
                                "ix": 3
                            }
                        },
                        {
                            "ty": "tr",
                            "a": {
                                "a": 0,
                                "k": [
                                    0,
                                    0
                                ],
                                "ix": 1
                            },
                            "s": {
                                "a": 0,
                                "k": [
                                    100,
                                    100
                                ],
                                "ix": 3
                            },
                            "sk": {
                                "a": 0,
                                "k": 0,
                                "ix": 4
                            },
                            "p": {
                                "a": 0,
                                "k": [
                                    53,
                                    53
                                ],
                                "ix": 2
                            },
                            "r": {
                                "a": 0,
                                "k": 0,
                                "ix": 6
                            },
                            "sa": {
                                "a": 0,
                                "k": 0,
                                "ix": 5
                            },
                            "o": {
                                "a": 0,
                                "k": 100,
                                "ix": 7
                            }
                        }
                    ]
                },
                {
                    "ty": "tm",
                    "bm": 0,
                    "cl": "",
                    "ln": "",
                    "hd": false,
                    "mn": "ADBE Vector Filter - Trim",
                    "nm": "Trim Paths 1",
                    "ix": 2,
                    "e": {
                        "a": 1,
                        "k": [
                            {
                                "o": {
                                    "x": 0.333,
                                    "y": 0
                                },
                                "i": {
                                    "x": 0.667,
                                    "y": 1
                                },
                                "s": [
                                    0
                                ],
                                "t": 39
                            },
                            {
                                "o": {
                                    "x": 0.167,
                                    "y": 0.167
                                },
                                "i": {
                                    "x": 0.833,
                                    "y": 0.833
                                },
                                "s": [
                                    100
                                ],
                                "t": 64
                            }
                        ],
                        "ix": 2
                    },
                    "o": {
                        "a": 0,
                        "k": 0,
                        "ix": 3
                    },
                    "s": {
                        "a": 1,
                        "k": [
                            {
                                "o": {
                                    "x": 0.333,
                                    "y": 0
                                },
                                "i": {
                                    "x": 0.667,
                                    "y": 1
                                },
                                "s": [
                                    0
                                ],
                                "t": 51
                            },
                            {
                                "o": {
                                    "x": 0.167,
                                    "y": 0.167
                                },
                                "i": {
                                    "x": 0.833,
                                    "y": 0.833
                                },
                                "s": [
                                    100
                                ],
                                "t": 79
                            }
                        ],
                        "ix": 1
                    },
                    "m": 1
                }
            ],
            "ind": 1
        },
        {
            "ty": 4,
            "nm": "icon",
            "mn": "",
            "sr": 1,
            "st": 0,
            "op": 40,
            "ip": 0,
            "hd": false,
            "cl": "",
            "ln": "",
            "ddd": 0,
            "bm": 0,
            "hasMask": false,
            "ao": 0,
            "ks": {
                "a": {
                    "a": 0,
                    "k": [
                        53,
                        53,
                        0
                    ],
                    "ix": 1
                },
                "s": {
                    "a": 0,
                    "k": [
                        100,
                        100,
                        100
                    ],
                    "ix": 6
                },
                "sk": {
                    "a": 0,
                    "k": 0
                },
                "p": {
                    "a": 0,
                    "k": [
                        150,
                        75,
                        0
                    ],
                    "ix": 2
                },
                "sa": {
                    "a": 0,
                    "k": 0
                },
                "o": {
                    "a": 0,
                    "k": 100,
                    "ix": 11
                },
                "r": {
                    "a": 1,
                    "k": [
                        {
                            "o": {
                                "x": 0.333,
                                "y": 0
                            },
                            "i": {
                                "x": 0.667,
                                "y": 1
                            },
                            "s": [
                                -90
                            ],
                            "t": 0
                        },
                        {
                            "o": {
                                "x": 0.167,
                                "y": 0.167
                            },
                            "i": {
                                "x": 0.833,
                                "y": 0.833
                            },
                            "s": [
                                270
                            ],
                            "t": 40
                        }
                    ],
                    "ix": 10
                }
            },
            "ef": [],
            "shapes": [
                {
                    "ty": "gr",
                    "bm": 0,
                    "cl": "",
                    "ln": "",
                    "hd": false,
                    "mn": "ADBE Vector Group",
                    "nm": "Group 1",
                    "ix": 1,
                    "cix": 2,
                    "np": 2,
                    "it": [
                        {
                            "ty": "sh",
                            "bm": 0,
                            "cl": "",
                            "ln": "",
                            "hd": false,
                            "mn": "ADBE Vector Shape - Group",
                            "nm": "Path 1",
                            "ix": 1,
                            "d": 1,
                            "ks": {
                                "a": 0,
                                "k": {
                                    "c": true,
                                    "i": [
                                        [
                                            0,
                                            -15.464
                                        ],
                                        [
                                            15.464,
                                            0
                                        ],
                                        [
                                            0,
                                            15.464
                                        ],
                                        [
                                            -15.464,
                                            0
                                        ]
                                    ],
                                    "o": [
                                        [
                                            0,
                                            15.464
                                        ],
                                        [
                                            -15.464,
                                            0
                                        ],
                                        [
                                            0,
                                            -15.464
                                        ],
                                        [
                                            15.464,
                                            0
                                        ]
                                    ],
                                    "v": [
                                        [
                                            28,
                                            0
                                        ],
                                        [
                                            0,
                                            28
                                        ],
                                        [
                                            -28,
                                            0
                                        ],
                                        [
                                            0,
                                            -28
                                        ]
                                    ]
                                },
                                "ix": 2
                            }
                        },
                        {
                            "ty": "st",
                            "bm": 0,
                            "cl": "",
                            "ln": "",
                            "hd": false,
                            "mn": "ADBE Vector Graphic - Stroke",
                            "nm": "Stroke 1",
                            "lc": 2,
                            "lj": 1,
                            "ml": 10,
                            "o": {
                                "a": 0,
                                "k": 100,
                                "ix": 4
                            },
                            "w": {
                                "a": 0,
                                "k": 10,
                                "ix": 5
                            },
                            "d": [],
                            "c": {
                                "a": 0,
                                "k": [
                                    0.498,
                                    0.3529,
                                    0.9412
                                ],
                                "ix": 3
                            }
                        },
                        {
                            "ty": "tr",
                            "a": {
                                "a": 0,
                                "k": [
                                    0,
                                    0
                                ],
                                "ix": 1
                            },
                            "s": {
                                "a": 0,
                                "k": [
                                    100,
                                    100
                                ],
                                "ix": 3
                            },
                            "sk": {
                                "a": 0,
                                "k": 0,
                                "ix": 4
                            },
                            "p": {
                                "a": 0,
                                "k": [
                                    53,
                                    53
                                ],
                                "ix": 2
                            },
                            "r": {
                                "a": 0,
                                "k": 0,
                                "ix": 6
                            },
                            "sa": {
                                "a": 0,
                                "k": 0,
                                "ix": 5
                            },
                            "o": {
                                "a": 0,
                                "k": 100,
                                "ix": 7
                            }
                        }
                    ]
                },
                {
                    "ty": "tm",
                    "bm": 0,
                    "cl": "",
                    "ln": "",
                    "hd": false,
                    "mn": "ADBE Vector Filter - Trim",
                    "nm": "Trim Paths 1",
                    "ix": 2,
                    "e": {
                        "a": 1,
                        "k": [
                            {
                                "o": {
                                    "x": 0.333,
                                    "y": 0
                                },
                                "i": {
                                    "x": 0.667,
                                    "y": 1
                                },
                                "s": [
                                    0
                                ],
                                "t": 0
                            },
                            {
                                "o": {
                                    "x": 0.167,
                                    "y": 0.167
                                },
                                "i": {
                                    "x": 0.833,
                                    "y": 0.833
                                },
                                "s": [
                                    100
                                ],
                                "t": 25
                            }
                        ],
                        "ix": 2
                    },
                    "o": {
                        "a": 0,
                        "k": 0,
                        "ix": 3
                    },
                    "s": {
                        "a": 1,
                        "k": [
                            {
                                "o": {
                                    "x": 0.333,
                                    "y": 0
                                },
                                "i": {
                                    "x": 0.667,
                                    "y": 1
                                },
                                "s": [
                                    0
                                ],
                                "t": 12
                            },
                            {
                                "o": {
                                    "x": 0.167,
                                    "y": 0.167
                                },
                                "i": {
                                    "x": 0.833,
                                    "y": 0.833
                                },
                                "s": [
                                    100
                                ],
                                "t": 40
                            }
                        ],
                        "ix": 1
                    },
                    "m": 1
                }
            ],
            "ind": 2
        }
    ],
    "ddd": 0,
    "h": 150,
    "w": 300,
    "meta": {
        "a": "",
        "k": "",
        "d": "",
        "g": "@lottiefiles/toolkit-js 0.21.3",
        "tc": "#000000"
    },
    "v": "5.5.5",
    "fr": 25,
    "op": 79,
    "ip": 0,
    "assets": []
}